optimization,benchmark_name,time in ms w/ opt,time in ms w/o opt,speedup
opt-reg-only,factorial_recursive.java,1.133115291595459,2.0787644386291504,1.8345568664087042
opt-reg-only,fibonacci.java,0.888512134552002,1.2122035026550293,1.3643072002232544
opt-reg-only,factorial_iterative.java,2.1836066246032715,2.3467612266540527,1.074717946086294
